layer_ind,metric,params
223.0,6.007260073480564,6738415616.0
216.0,6.258774348700211,6696468480.0
209.0,6.44484927647148,6592552448.0
